sha256	filename
ca95381409d7858ee0248dd6743ce66cea6a4194c7f5038b292563400359cecb	01_select_refseq_genomes.py
ddcc4e0642adbddae3991f5fc126d979b045893ea935d30d32bfda00619c41e5	01c_select_helminths_no_latest.py
9789b0a3ca4d2375806f93b724df50d0aaccc5a3cbb70687f58bfce1630f757b	02_download_selected_genomes.sh
e5fa49be48f0133c337d0bef94d03611823808c69eb4ac820b27f72abcb79bde	02_download_selected_genomes_batched.sh
9ba2fee30eb0242133e40e69a25b5aa67e7be8c5c7e781395a19025f40c2bccc	02c_build_ncbi_manifest.py
f39601346b08620513adcd9bed8ca159f31957cdea4ad32212023bd51c552561	02d_download_from_manifest.sh
0c81712c0182a250e28d268f7ce94ce4d45fe7ffc580829a92b8efdfdb3cd086	03_build_inventory.py
0406d03ba7d7ea2b6deb0fbd212438ef01346d0eafbd727eedd498437e13f345	03a_decompress_direct_ncbi_files.sh
8513ab48552d21717dcebfdc88281588eea75a2429bdbacc9d60d88c33a8c7fd	04_rescue_proteins_and_cds_from_gbff.py
0fe043259734621b14a24029e650bcf642bfec7dbaa383883a8135ff5eb719b3	05_mine_candidate_epoxide_hydrolases.py
f56a9391b5910be23c23597f2c71dd5061b9d8b734e4c39c8f1c92da5088d898	05b_prioritize_candidate_hits.py
113d0907648eadff631ebcb5f288c05cae1d79960f4ea36fd9e6326fe3de6669	05c_refine_prioritization.py
7c5ed692b29c5919dd6c48a1d361bfcd0f288f8923aa964fd516fed29661b12f	05d_deduplicate_fasta.py
c847b8d6a0eedb77f5d05a452fac3eee018d5a9c2ee47dd057d36fd3c73bf376	06_run_blastp_candidates.sh
a6e39e4212ad5fe6db7ba1a71200f95bc05c86792073db074bf97fe49f74e910	06a_fetch_real_reference_fasta.py
cf29eeb0efecf2825c8d7afa9d5d021c2612e9f0048b7b9033e803663e889cef	06b_summarize_blast_hits.py
32131e9b29d2c854d1ffc8df2cb89370ed72eb333a43db1568690448514b3cee	06c_filter_priority_blast_hits.py
f7ddc1a2ebeb002218a20b953f79914633f22289d54df2e9a3f8f040684d2f16	06d_extract_priority_candidate_sequences.py
4bc5d8aaab2133af9034c72bf7c0722583a59b2e8dc280b65420f456139f33e3	06e_build_final_analysis_fasta.py
ad45a800126c18d4eec3cc6e2a98aa55a9f494b932008c26d8006b78b708e538	07_describe_priority_candidates.py
c1522ac2e1a390817beab1464b25ae4f6517ad9d5493376bd677f9d848ce8cc6	08_run_mafft_priority_candidates.sh
05b009af37bf72df7e7adca45acf25d76d643b159800b8467a704d595b769c33	09_run_iqtree_priority_candidates.sh
f95c2a03cf3a85aca08fa32dd62e132191850fc208ba0b16045867ed0b88603b	10_scan_motifs_priority_candidates.py
2e198853fe44c7d0455592a0fcd94d45624995d8cd5be7aef7311892bef8abbe	10b_integrate_priority_evidence.py
9e771b7fc75e3ae3980f6ffb4e6ea282f28ea47de4c4ddeaae7b76bc63cd210c	11_run_hmmscan_priority_candidates.sh
8c55f50ecab520b42d0d5ae823d251f337d3dcf395c09b52abf8ea7f8914071e	11b_parse_hmmscan_domtblout.py
1c8e4f711a325e26a696203677a8a536739ff85714635c2e3eec13046acf45f9	15_run_remaining_context_analysis.py
7060e5c7318427cce9dd94af0271bcfe80307ec711ec197156f459a8fdd11c57	16_run_functional_context_layer.py
b99a162740c2a8dc49d928c87782f801b577871fad3d249c13f67abfc8a853cd	17_run_optional_advanced_layers.py
3627450cb60f4a2d83974b799fb4ee88c611581144a2a79385b625b4b5deda94	18_generate_integrated_paper_artifacts.py
0a82304e8769f415b4be80472faefc5c1b31dfb9d9e89b62045185ebc4bfed17	19_run_structural_pipeline.sh
322b1898585cc14b8bfff528f1c77a89c31d3299695ccab47f354fcb385d320b	19a_install_structural_stack.sh
3b969948016357b1b45f830d1a84bd3ac69a96bac1acaea33e551c84cb39f7e5	19b_run_structural_pipeline_real.sh
ca082ec3ad6a57a2672502bc32162a9375c762a9dab50560513791ad12b6b74f	19c_prepare_missing_models.sh
8e725fa9f5cd60234449f258f9a91b8b8c7a98d1c6a536895434eb4a84e9d284	19d_run_structural_pipeline_auto.sh
fcd98f99702e9e647850fb05ac78a8674049964f215f7c9123477636ad5b5ac4	19e_install_colabfold_official.sh
036c38d9583c5d8cb8c438d1d0a414ee48cdccd203e8532ba5dc6ba31f702605	19f_collect_colabfold_models.sh
d4b7d2e6e341a4a63e0d278ce2957dd69676b785ef9b043eb0285d935bb5d160	19g_run_structural_pipeline_real_vinafix.sh
bbde202acc33d29c5eeb54d2d71ea5880e7662be669acfcc8376b0fb1e3f9d21	19h_fix_receptors_and_run_docking.sh
a6aef40004f887d48b1428ae5a3d06fcbb1ad05871669c23dd0bf41f525c195d	19i_make_king_structural_figures.py
805225040c19f9c6db3193de2f13e0e60aad4bdbb47c0401a43c1bedc7c6550a	20_make_structural_report.py
b5ffd82eece8173aa099a864d4b187df280c5222bd7169ff36a234e79f31affb	generate_paper_artifacts.py
